--------------------------------------------------------
--  File created - Friday-April-08-2016   
--------------------------------------------------------
--------------------------------------------------------
--  DDL for Table AUTHORS
--------------------------------------------------------

  CREATE TABLE "YYANG97"."AUTHORS" 
   (	"LASTNAME" VARCHAR2(20 BYTE), 
	"FIRSTNAME" VARCHAR2(20 BYTE), 
	"ID" NUMBER(20,0), 
	"BIRTHDATE" DATE
   ) SEGMENT CREATION IMMEDIATE 
  PCTFREE 10 PCTUSED 40 INITRANS 1 MAXTRANS 255 
 NOCOMPRESS LOGGING
  STORAGE(INITIAL 65536 NEXT 1048576 MINEXTENTS 1 MAXEXTENTS 2147483645
  PCTINCREASE 0 FREELISTS 1 FREELIST GROUPS 1
  BUFFER_POOL DEFAULT FLASH_CACHE DEFAULT CELL_FLASH_CACHE DEFAULT)
  TABLESPACE "USERS" ;
--------------------------------------------------------
--  DDL for Table BOOKS
--------------------------------------------------------

  CREATE TABLE "YYANG97"."BOOKS" 
   (	"ISBN" VARCHAR2(20 BYTE), 
	"TITLE" VARCHAR2(50 BYTE), 
	"PUBLISHERID" NUMBER(10,0)
   ) SEGMENT CREATION IMMEDIATE 
  PCTFREE 10 PCTUSED 40 INITRANS 1 MAXTRANS 255 
 NOCOMPRESS LOGGING
  STORAGE(INITIAL 65536 NEXT 1048576 MINEXTENTS 1 MAXEXTENTS 2147483645
  PCTINCREASE 0 FREELISTS 1 FREELIST GROUPS 1
  BUFFER_POOL DEFAULT FLASH_CACHE DEFAULT CELL_FLASH_CACHE DEFAULT)
  TABLESPACE "USERS" ;
--------------------------------------------------------
--  DDL for Table PUBLISHERS
--------------------------------------------------------

  CREATE TABLE "YYANG97"."PUBLISHERS" 
   (	"NAME" VARCHAR2(50 BYTE), 
	"ID" NUMBER(20,0), 
	"ADDRESS" VARCHAR2(50 BYTE)
   ) SEGMENT CREATION IMMEDIATE 
  PCTFREE 10 PCTUSED 40 INITRANS 1 MAXTRANS 255 
 NOCOMPRESS LOGGING
  STORAGE(INITIAL 65536 NEXT 1048576 MINEXTENTS 1 MAXEXTENTS 2147483645
  PCTINCREASE 0 FREELISTS 1 FREELIST GROUPS 1
  BUFFER_POOL DEFAULT FLASH_CACHE DEFAULT CELL_FLASH_CACHE DEFAULT)
  TABLESPACE "USERS" ;
--------------------------------------------------------
--  DDL for Table WRITE
--------------------------------------------------------

  CREATE TABLE "YYANG97"."WRITE" 
   (	"RANK" NUMBER(10,0), 
	"AUTHORID" NUMBER(10,0), 
	"ISBN" VARCHAR2(20 BYTE)
   ) SEGMENT CREATION IMMEDIATE 
  PCTFREE 10 PCTUSED 40 INITRANS 1 MAXTRANS 255 
 NOCOMPRESS LOGGING
  STORAGE(INITIAL 65536 NEXT 1048576 MINEXTENTS 1 MAXEXTENTS 2147483645
  PCTINCREASE 0 FREELISTS 1 FREELIST GROUPS 1
  BUFFER_POOL DEFAULT FLASH_CACHE DEFAULT CELL_FLASH_CACHE DEFAULT)
  TABLESPACE "USERS" ;
REM INSERTING into YYANG97.AUTHORS
SET DEFINE OFF;
Insert into YYANG97.AUTHORS (LASTNAME,FIRSTNAME,ID,BIRTHDATE) values ('Asimov','Isaac',4,to_date('02-JAN-20','DD-MON-RR'));
Insert into YYANG97.AUTHORS (LASTNAME,FIRSTNAME,ID,BIRTHDATE) values ('King','Stephen',2,to_date('09-SEP-47','DD-MON-RR'));
Insert into YYANG97.AUTHORS (LASTNAME,FIRSTNAME,ID,BIRTHDATE) values ('Verne','Jules',7,to_date('08-FEB-28','DD-MON-RR'));
Insert into YYANG97.AUTHORS (LASTNAME,FIRSTNAME,ID,BIRTHDATE) values ('Rowling','Joanne',37,to_date('31-JUL-65','DD-MON-RR'));
REM INSERTING into YYANG97.BOOKS
SET DEFINE OFF;
Insert into YYANG97.BOOKS (ISBN,TITLE,PUBLISHERID) values ('1111-111','Databases from outer space',17);
Insert into YYANG97.BOOKS (ISBN,TITLE,PUBLISHERID) values ('2222-222','Dark SQL',17);
Insert into YYANG97.BOOKS (ISBN,TITLE,PUBLISHERID) values ('3333-333','The night of the living databases',18);
REM INSERTING into YYANG97.PUBLISHERS
SET DEFINE OFF;
Insert into YYANG97.PUBLISHERS (NAME,ID,ADDRESS) values ('Bloomsbury Publishing',17,'London Borough of Camden');
Insert into YYANG97.PUBLISHERS (NAME,ID,ADDRESS) values ('Arthur A. Levine Books',18,'New York City');
REM INSERTING into YYANG97.WRITE
SET DEFINE OFF;
Insert into YYANG97.WRITE (RANK,AUTHORID,ISBN) values (1,2,'1111-111');
Insert into YYANG97.WRITE (RANK,AUTHORID,ISBN) values (2,4,'1111-111');
Insert into YYANG97.WRITE (RANK,AUTHORID,ISBN) values (2,4,'2222-222');
Insert into YYANG97.WRITE (RANK,AUTHORID,ISBN) values (1,7,'2222-222');
Insert into YYANG97.WRITE (RANK,AUTHORID,ISBN) values (1,37,'3333-333');
Insert into YYANG97.WRITE (RANK,AUTHORID,ISBN) values (2,2,'3333-333');
--------------------------------------------------------
--  DDL for Index ID
--------------------------------------------------------

  CREATE UNIQUE INDEX "YYANG97"."ID" ON "YYANG97"."AUTHORS" ("ID") 
  PCTFREE 10 INITRANS 2 MAXTRANS 255 COMPUTE STATISTICS 
  STORAGE(INITIAL 65536 NEXT 1048576 MINEXTENTS 1 MAXEXTENTS 2147483645
  PCTINCREASE 0 FREELISTS 1 FREELIST GROUPS 1
  BUFFER_POOL DEFAULT FLASH_CACHE DEFAULT CELL_FLASH_CACHE DEFAULT)
  TABLESPACE "USERS" ;
--------------------------------------------------------
--  DDL for Index ISBN_PK
--------------------------------------------------------

  CREATE UNIQUE INDEX "YYANG97"."ISBN_PK" ON "YYANG97"."BOOKS" ("ISBN") 
  PCTFREE 10 INITRANS 2 MAXTRANS 255 COMPUTE STATISTICS 
  STORAGE(INITIAL 65536 NEXT 1048576 MINEXTENTS 1 MAXEXTENTS 2147483645
  PCTINCREASE 0 FREELISTS 1 FREELIST GROUPS 1
  BUFFER_POOL DEFAULT FLASH_CACHE DEFAULT CELL_FLASH_CACHE DEFAULT)
  TABLESPACE "USERS" ;
--------------------------------------------------------
--  DDL for Index PUBLISHERID
--------------------------------------------------------

  CREATE UNIQUE INDEX "YYANG97"."PUBLISHERID" ON "YYANG97"."PUBLISHERS" ("ID") 
  PCTFREE 10 INITRANS 2 MAXTRANS 255 COMPUTE STATISTICS 
  STORAGE(INITIAL 65536 NEXT 1048576 MINEXTENTS 1 MAXEXTENTS 2147483645
  PCTINCREASE 0 FREELISTS 1 FREELIST GROUPS 1
  BUFFER_POOL DEFAULT FLASH_CACHE DEFAULT CELL_FLASH_CACHE DEFAULT)
  TABLESPACE "USERS" ;
--------------------------------------------------------
--  DDL for Index WRITE_PK
--------------------------------------------------------

  CREATE UNIQUE INDEX "YYANG97"."WRITE_PK" ON "YYANG97"."WRITE" ("AUTHORID", "ISBN") 
  PCTFREE 10 INITRANS 2 MAXTRANS 255 COMPUTE STATISTICS 
  STORAGE(INITIAL 65536 NEXT 1048576 MINEXTENTS 1 MAXEXTENTS 2147483645
  PCTINCREASE 0 FREELISTS 1 FREELIST GROUPS 1
  BUFFER_POOL DEFAULT FLASH_CACHE DEFAULT CELL_FLASH_CACHE DEFAULT)
  TABLESPACE "USERS" ;
--------------------------------------------------------
--  Constraints for Table AUTHORS
--------------------------------------------------------

  ALTER TABLE "YYANG97"."AUTHORS" ADD CONSTRAINT "AUTHORID" PRIMARY KEY ("ID")
  USING INDEX PCTFREE 10 INITRANS 2 MAXTRANS 255 COMPUTE STATISTICS 
  STORAGE(INITIAL 65536 NEXT 1048576 MINEXTENTS 1 MAXEXTENTS 2147483645
  PCTINCREASE 0 FREELISTS 1 FREELIST GROUPS 1
  BUFFER_POOL DEFAULT FLASH_CACHE DEFAULT CELL_FLASH_CACHE DEFAULT)
  TABLESPACE "USERS"  ENABLE;
  ALTER TABLE "YYANG97"."AUTHORS" MODIFY ("LASTNAME" NOT NULL ENABLE);
  ALTER TABLE "YYANG97"."AUTHORS" MODIFY ("FIRSTNAME" NOT NULL ENABLE);
  ALTER TABLE "YYANG97"."AUTHORS" MODIFY ("ID" NOT NULL ENABLE);
  ALTER TABLE "YYANG97"."AUTHORS" MODIFY ("BIRTHDATE" NOT NULL ENABLE);
--------------------------------------------------------
--  Constraints for Table BOOKS
--------------------------------------------------------

  ALTER TABLE "YYANG97"."BOOKS" ADD CONSTRAINT "ISBN_PK" PRIMARY KEY ("ISBN")
  USING INDEX PCTFREE 10 INITRANS 2 MAXTRANS 255 COMPUTE STATISTICS 
  STORAGE(INITIAL 65536 NEXT 1048576 MINEXTENTS 1 MAXEXTENTS 2147483645
  PCTINCREASE 0 FREELISTS 1 FREELIST GROUPS 1
  BUFFER_POOL DEFAULT FLASH_CACHE DEFAULT CELL_FLASH_CACHE DEFAULT)
  TABLESPACE "USERS"  ENABLE;
  ALTER TABLE "YYANG97"."BOOKS" MODIFY ("ISBN" NOT NULL ENABLE);
  ALTER TABLE "YYANG97"."BOOKS" MODIFY ("TITLE" NOT NULL ENABLE);
  ALTER TABLE "YYANG97"."BOOKS" MODIFY ("PUBLISHERID" NOT NULL ENABLE);
--------------------------------------------------------
--  Constraints for Table PUBLISHERS
--------------------------------------------------------

  ALTER TABLE "YYANG97"."PUBLISHERS" ADD CONSTRAINT "PUBLISHERID" PRIMARY KEY ("ID")
  USING INDEX PCTFREE 10 INITRANS 2 MAXTRANS 255 COMPUTE STATISTICS 
  STORAGE(INITIAL 65536 NEXT 1048576 MINEXTENTS 1 MAXEXTENTS 2147483645
  PCTINCREASE 0 FREELISTS 1 FREELIST GROUPS 1
  BUFFER_POOL DEFAULT FLASH_CACHE DEFAULT CELL_FLASH_CACHE DEFAULT)
  TABLESPACE "USERS"  ENABLE;
  ALTER TABLE "YYANG97"."PUBLISHERS" MODIFY ("NAME" NOT NULL ENABLE);
  ALTER TABLE "YYANG97"."PUBLISHERS" MODIFY ("ID" NOT NULL ENABLE);
  ALTER TABLE "YYANG97"."PUBLISHERS" MODIFY ("ADDRESS" NOT NULL ENABLE);
--------------------------------------------------------
--  Constraints for Table WRITE
--------------------------------------------------------

  ALTER TABLE "YYANG97"."WRITE" MODIFY ("RANK" NOT NULL ENABLE);
  ALTER TABLE "YYANG97"."WRITE" MODIFY ("AUTHORID" NOT NULL ENABLE);
  ALTER TABLE "YYANG97"."WRITE" MODIFY ("ISBN" NOT NULL ENABLE);
  ALTER TABLE "YYANG97"."WRITE" ADD CONSTRAINT "WRITE_PK" PRIMARY KEY ("AUTHORID", "ISBN")
  USING INDEX PCTFREE 10 INITRANS 2 MAXTRANS 255 COMPUTE STATISTICS 
  STORAGE(INITIAL 65536 NEXT 1048576 MINEXTENTS 1 MAXEXTENTS 2147483645
  PCTINCREASE 0 FREELISTS 1 FREELIST GROUPS 1
  BUFFER_POOL DEFAULT FLASH_CACHE DEFAULT CELL_FLASH_CACHE DEFAULT)
  TABLESPACE "USERS"  ENABLE;
--------------------------------------------------------
--  Ref Constraints for Table BOOKS
--------------------------------------------------------

  ALTER TABLE "YYANG97"."BOOKS" ADD CONSTRAINT "PUBLISHERID_FK1" FOREIGN KEY ("PUBLISHERID")
	  REFERENCES "YYANG97"."PUBLISHERS" ("ID") ENABLE;
--------------------------------------------------------
--  Ref Constraints for Table WRITE
--------------------------------------------------------

  ALTER TABLE "YYANG97"."WRITE" ADD CONSTRAINT "AUTHORID_FK1" FOREIGN KEY ("AUTHORID")
	  REFERENCES "YYANG97"."AUTHORS" ("ID") ENABLE;
  ALTER TABLE "YYANG97"."WRITE" ADD CONSTRAINT "ISBN_FK1" FOREIGN KEY ("ISBN")
	  REFERENCES "YYANG97"."BOOKS" ("ISBN") ENABLE;
